,,1990,1991,1992,1993,1994,1995,1996,1997,1998,1999,2000,2001,2002,2003,2004,2005,2006,2007,2008,2009,2010,2011,2012,2013,2014,2015,2016
Afghanistan,Quad Btu,0.002187572,0.001958398,0.000166672,0.000145838,0.000125004,0.00010417,6.25E-05,4.17E-05,4.17E-05,2.08E-05,2.08E-05,0.000541685,0.000437514,0.000729191,0.000708357,0.000687523,0.000729191,0.005062667,0.007229405,0.010417009,0.015104664,0.03083431,0.025834152,0.028063389,0.031613501,0.028438401,0.03537612
Albania,Quad Btu,0.057443992,0.032323962,0.008462611,0.005516766,0.00452589,0.002142433,0.003026187,0.001044436,0.00131224,0.00321365,0.00195497,0.002169214,0.001660386,0.001713947,0.001713947,0.001446142,0.001446142,0.001446142,0.001874629,0.004311647,0.004740134,0.00581135,0.006775445,0.002812672,0.003558197,0.003023455,0.002352831
Algeria,Quad Btu,0.028251904,0.031484709,0.029095244,0.022629634,0.022966971,0.013493447,0.008939408,0.01523635,0.017653926,0.017766371,0.011300762,0.015376907,0.020605617,0.016979254,0.016795794,0.018314145,0.019474682,0.015373496,0.01567704,0.003821761,7.96E-05,5.65E-05,0.00033495,0.001109634,0.001079212,0.000698246,0.000697224
American Samoa,Quad Btu,0,0,0,0,0,0,0,0,0,0,0,0,0,0,0,0,0,0,0,0,0,0,0,0,0,0,0
Angola,Quad Btu,0,0,0,0,0,0,0,0,0,0,0,0,0,0,0,0,0,0,0,0,0,0,0,0,0,0,0
Antarctica,Quad Btu,0,0,0,0,0,0,0,0,0,0,0,0,0,0,0,0,0,0,0,0,0,0,0,0,0,0,0
Antigua and Barbuda,Quad Btu,0,0,0,0,0,0,0,0,0,0,0,0,0,0,0,0,0,0,0,0,0,0,0,0,0,0,0
Argentina,Quad Btu,0.037816345,0.033326859,0.033271773,0.030903087,0.044839774,0.039771888,0.036824802,0.033877716,0.034428573,0.036549373,0.032720916,0.02572503,0.021015201,0.025422058,0.03073783,0.039441374,0.035530288,0.038945602,0.041011316,0.033602287,0.041424459,0.048998745,0.044536802,0.048337717,0.046411572,0.043798336,0.035270629
Armenia,Quad Btu,--,--,0.002846723,6.06E-05,0.000726823,6.06E-05,0.000100948,0.000100948,0.000100948,6.06E-05,0,0,0.000363411,0.000545117,0,0,2.02E-05,6.06E-05,4.04E-05,0,2.02E-05,0,4.04E-05,2.74E-05,2.35E-05,2.61E-05,2.72E-05
Aruba,Quad Btu,0,0,0,0,0,0,0,0,0,0,0,0,0,0,0,0,0,0,0,0,0,0,0,0,0,0,0
Australia,Quad Btu,1.441407087,1.495749059,1.536601597,1.506205772,1.516854603,1.550351763,1.662452664,1.745996585,1.901914132,1.935068224,1.9380735,1.938814527,1.970431674,1.978294793,2.056884812,2.090038904,2.129683842,2.142212686,2.128297848,2.18763489,2.019764853,1.948283204,1.933064707,1.770549014,1.758207481,1.810990669,1.850510519
Austria,Quad Btu,0.186617268,0.191938787,0.138415509,0.122871072,0.121918801,0.143821052,0.151663291,0.150879067,0.128668727,0.141860493,0.142980812,0.15572445,0.151299187,0.167067688,0.155248314,0.148974523,0.139759893,0.122394936,0.115757042,0.093182598,0.107550699,0.109987395,0.100380653,0.099876509,0.090360396,0.105142659,0.098366994
Azerbaijan,Quad Btu,--,--,0.00078025,0.000115593,2.89E-05,0.000173389,0.000173389,0.000173389,2.89E-05,0,0,6.89E-05,0.000163505,9.91E-05,0.000129666,0.00013952,0.000475836,0.000343454,0.000323572,0.00018411,0.00021558,0.000163361,0.000170036,0.00015709,5.84E-05,4.01E-06,4.01E-06
"Bahamas, The",Quad Btu,0,0,0,0,0,0,0,0,0,0,0,0,0,0,0,0,0,0,0,0,0,0,0,0,0,0,0
Bahrain,Quad Btu,0,0,0,0,0,0,0,0,0,0,0,0,0,0,0,0,0,0,0,0,0,0,0,0,0,0,0
Bangladesh,Quad Btu,0.001155749,0.003728222,0.003500386,0.013048776,0.010977542,0.013297324,0.007290745,0.013380173,0.003852496,0.001905536,0.013670146,0.01449864,0.014719454,0.014940269,0.015836761,0.019925274,0.019531739,0.025621168,0.026573936,0.032083419,0.033512571,0.030219308,0.037385779,0.040554767,0.038509641,0.039241308,0.042159079
Barbados,Quad Btu,0,0,0,0,0,0,0,0,0,0,0,0,0,0,0,0,0,0,0,0,0,0,0,0,0,0,0
Belarus,Quad Btu,--,--,0.047458766,0.041028868,0.030593043,0.028704899,0.028475259,0.020667527,0.019315207,0.013242527,0.012859795,0.011048197,0.008522165,0.007501547,0.005970619,0.004286598,0.003368041,0.002117784,0.001939175,0.002015722,0.002015722,0.002296392,0.009134537,0.015082717,0.019589996,0.01592005,0.0142363
Belgium,Quad Btu,0.461055199,0.438890151,0.401855934,0.374780731,0.383657846,0.366430694,0.355694932,0.32864747,0.314360862,0.274413841,0.28958816,0.273609352,0.2485315,0.232136577,0.216601624,0.205588453,0.198791911,0.181315089,0.159316487,0.123724801,0.154045699,0.144169908,0.144419577,0.140452616,0.125719127,0.114347285,0.101759511
Belize,Quad Btu,0,0,0,0,0,0,0,0,0,0,0,0,0,0,0,0,0,0,0,0,0,0,0,0,0,0,0
Benin,Quad Btu,0,0,0,0,0,0,0,0,0,0,0,0,0,0,0,0,0,0,0,0,0,0,0,0,0.000961001,0.001037911,0.001985751
Bermuda,Quad Btu,0,0,0,0,0,0,0,0,0,0,0,0,0,0,0,0,0,0,0,0,0,0,0,0,0,0,0
Bhutan,Quad Btu,0.000302057,0.000302057,0.000318838,0.00018459,0.000755143,0.000872609,0.000990076,0.001191447,0.001141104,0.001107542,0.001107542,0.000916172,0.001066714,0.000700067,0.000155543,0.001153287,0.001302638,0.000462938,0.001187811,0.001627549,0.002191523,0.00174525,0.002316103,0.001217322,0.001606454,0.001340569,0.001458186
Bolivia,Quad Btu,0,0,0,0,0,0,0,0,0,0,0,0,0,0,0,0,0,0,0,0,0,0,0,0,0,0,0
Bosnia and Herzegovina,Quad Btu,--,--,0.025318052,0.021942312,0.023630182,0.027681071,0.028525006,0.09203956,0.118741666,0.114302567,0.125526904,0.123670246,0.132193991,0.112525412,0.096653979,0.080276472,0.085526373,0.090640349,0.102728183,0.127393823,0.132629006,0.154113179,0.138683396,0.135739024,0.145914357,0.142445235,0.145854538
Botswana,Quad Btu,0.017737281,0.017132865,0.021851958,0.020829101,0.020154944,0.020503646,0.017272346,0.015854293,0.018690398,0.015970527,0.020898841,0.020364165,0.021201049,0.019550529,0.021038321,0.023688453,0.022758582,0.020573386,0.018527671,0.017318839,0.009786888,0.008415329,0.005904678,0.014389747,0.017225131,0.029557163,0.028859178
Brazil,Quad Btu,0.373904014,0.407331556,0.38998799,0.390230219,0.396407047,0.414331961,0.426879401,0.437198338,0.42203483,0.465853977,0.491554428,0.481429274,0.430876172,0.441873349,0.480363468,0.482470857,0.485862057,0.50616081,0.500177765,0.421768378,0.525878216,0.554025175,0.572143872,0.631514093,0.687568256,0.678221969,0.75856127
Brunei,Quad Btu,0,0,0,0,0,0,0,0,0,0,0,0,0,0,0,0,0,0,0,0,0,0,0,0,0,0,0
Bulgaria,Quad Btu,0.301763555,0.262734703,0.269524064,0.269125159,0.263891527,0.274470484,0.274638024,0.274231141,0.265718511,0.228763964,0.233287545,0.248086916,0.227926264,0.252602519,0.243236233,0.233925793,0.239757782,0.268678385,0.264785074,0.240667285,0.260093953,0.320208916,0.280868918,0.24316443,0.265206292,0.272899711,0.233532494
Burkina Faso,Quad Btu,0,0,0,0,0,0,0,0,0,0,0,0,0,0,0,0,0,0,0,0,0,0,0,0,0,0,0
Burma (Myanmar),Quad Btu,0.002511007,0.002102713,0.001490272,0.000673685,0.000530782,0.00095949,0.000877832,0.000898246,0.003123447,0.013698256,0.01184052,0.01310623,0.009880709,0.01545392,0.011166835,0.01345328,0.015576408,0.013677842,0.012412131,0.014414812,0.013142977,0.01469041,0.013220553,0.009274393,0.01207317,0.008417785,0.008960445
Burundi,Quad Btu,0,0,0,0,0,0,0,0,0,0,0,0,0,0,0,0,0,0,0,0,0,0,0,0,0,0,0
Cambodia,Quad Btu,0,0,0,0,0,0,0,0,0,0,5.62E-06,1.33E-06,5.53E-07,6.95E-07,1.29E-08,4.44E-06,8.86E-06,0.000499522,0.000289493,0.000321538,0.000341634,0.000381827,0.000422019,0.002191047,0.010034123,0.024560928,0.028840571
Cameroon,Quad Btu,0,0,0,0,0,0,0,0,0,0,0,0,0,0,0,0,0,0,0,0,0,0,0,0,0,0,0
Canada,Quad Btu,0.899252675,0.929050095,0.962322062,0.90934887,0.952826181,0.958174436,0.975092385,1.035360305,1.075563174,1.073434787,1.145690803,1.140688183,1.129518698,1.134630466,1.079874522,1.07468999,1.063647844,1.147182493,1.052805804,0.887228197,0.916097859,0.862869988,0.793233526,0.766164807,0.74505227,0.752317998,0.712861574
Cape Verde,Quad Btu,0,0,0,0,0,0,0,0,0,0,0,0,0,0,0,0,0,0,0,0,0,0,0,0,0,0,0
Cayman Islands,Quad Btu,0,0,0,0,0,0,0,0,0,0,0,0,0,0,0,0,0,0,0,0,0,0,0,0,0,0,0
Central African Republic,Quad Btu,0,0,0,0,0,0,0,0,0,0,0,0,0,0,0,0,0,0,0,0,0,0,0,0,0,0,0
Chad,Quad Btu,0,0,0,0,0,0,0,0,0,0,0,0,0,0,0,0,0,0,0,0,0,0,0,0,0,0,0
Chile,Quad Btu,0.076554208,0.062893366,0.054396487,0.054869679,0.064724413,0.069764934,0.096695722,0.125827879,0.118421399,0.12218636,0.094412057,0.074044234,0.074640868,0.071369672,0.09472066,0.094041733,0.117783618,0.11825681,0.149569765,0.136793586,0.17353796,0.196662639,0.225794797,0.257643735,0.234593721,0.263581589,0.281820625
China,Quad Btu,24.27928221,21.59171314,22.33926106,23.86698939,25.66531216,27.89094585,28.74017372,27.13569863,27.0965307,28.25950488,30.36961557,32.01986789,34.37478262,41.128614,47.48536985,54.47149839,60.57363808,64.99865177,67.28042318,72.74109513,78.11388991,87.05600893,92.1513739,94.99363168,93.45421594,90.82529533,86.83359058
Colombia,Quad Btu,0.128686773,0.131471878,0.136619349,0.149749129,0.139976395,0.142438229,0.120654729,0.125727598,0.124011775,0.102054206,0.12754289,0.12463345,0.11739715,0.117695555,0.099244234,0.107997421,0.100288648,0.105560454,0.10309862,0.143233973,0.14858038,0.163425984,0.142463096,0.175138346,0.219937461,0.26282174,0.274607041
Comoros,Quad Btu,0,0,0,0,0,0,0,0,0,0,0,0,0,0,0,0,0,0,0,0,0,0,0,0,0,0,0
Congo (Brazzaville),Quad Btu,0,0,0,0,0,0,0,0,0,0,0,0,0,0,0,0,0,0,0,0,0,0,0,0,0,0,0
Congo (Kinshasa),Quad Btu,0.004220661,0.001715415,0.001030483,0.000345551,0.000271505,0.000246822,0.000185117,0.000123411,9.71E-05,7.08E-05,2.63E-05,9.08E-05,0.000197269,0.000232005,0.000339208,0.000553795,0.000525509,0.000654597,0.000671752,0.000567815,0.000574694,0.000362205,0.000466745,0.000343955,0.000287897,0.000323837,0.000292767
Cook Islands,Quad Btu,0,0,0,0,0,0,0,0,0,0,0,0,0,0,0,0,0,0,0,0,0,0,0,0,0,0,0
Costa Rica,Quad Btu,0,0,0,0,1.10E-07,1.72E-07,1.41E-07,1.09E-07,1.33E-07,3.99E-08,2.22E-08,8.73E-08,8.54E-08,8.35E-08,1.41E-07,1.39E-07,5.76E-08,4.57E-08,6.81E-08,6.18E-08,1.25E-07,1.27E-07,8.73E-08,2.32E-06,2.39E-06,2.42E-07,2.91E-06
Cote dIvoire (IvoryCoast),Quad Btu,0,0,0,0,0,0,0,0,0,0,0,0,0,0,0,0,0,0,0,0,0,0,0,0,0,0,0
Croatia,Quad Btu,--,--,0.026022403,0.024727392,0.015637876,0.008087714,0.006499492,0.010237922,0.009627067,0.008478661,0.017177229,0.019083096,0.023578985,0.027439586,0.029052242,0.027854967,0.026169008,0.028001572,0.028881202,0.020720186,0.028612426,0.029247715,0.025704759,0.027219678,0.026165001,0.024575644,0.026349495
Cuba,Quad Btu,0.003934211,0.002725663,0.001208549,0.001799966,0.002237101,0.001979963,2.57E-05,0.000411421,0.000488562,0.000591417,0.000565704,0.000334279,0.000668559,0.000642845,0.000591417,0.000565704,0,0.000462848,0.000617131,0.000591417,0.000591417,0.000591417,0.000565704,7.58E-05,4.67E-05,7.41E-05,4.87E-05
Cyprus,Quad Btu,0.000501208,0.000501208,0.000134344,0.00016018,0.000139512,0.000103342,9.30E-05,9.82E-05,0.000134344,0.000155013,0.000253188,0.000273856,0.000273856,0.000273856,0.000299691,0.000273856,0.00028419,0.000258355,0.000211851,0.000113676,0.000139512,6.72E-05,5.17E-06,5.17E-06,7.37E-05,0.000110613,3.74E-06
Czech Republic,Quad Btu,--,--,--,1.057794941,0.98571837,0.970010113,0.972428983,0.944064851,0.864717272,0.758675734,0.891756785,0.865034029,0.837735352,0.856870342,0.839736679,0.824892303,0.826490485,0.840715745,0.795966648,0.742405953,0.745746297,0.754802662,0.721269635,0.655254638,0.648046156,0.658190924,0.678269774
Denmark,Quad Btu,0.232630561,0.314621773,0.258338683,0.276967757,0.305749676,0.255614181,0.349574573,0.25689493,0.217447866,0.182355348,0.153922724,0.162375666,0.161257921,0.224387196,0.171992925,0.146145085,0.217215002,0.184451119,0.162934538,0.158649851,0.155273331,0.129425491,0.101458594,0.128377606,0.102484234,0.072780104,0.084124045
Djibouti,Quad Btu,0,0,0,0,0,0,0,0,0,0,0,0,0,0,0,0,0,0,0,0,0,0,0,0,0,0,0
Dominica,Quad Btu,0,0,0,0,0,0,0,0,0,0,0,0,0,0,0,0,0,0,0,0,0,0,0,0,0,0,0
Dominican Republic,Quad Btu,0.000396883,0.000452913,0.000429567,0.00050194,0.001424108,0.001867683,0.002427987,0.002474679,0.003501905,0.001167302,0.002171181,0.004739245,0.005439626,0.008941531,0.01006214,0.011112712,0.016435607,0.016995912,0.018443366,0.018046483,0.017439487,0.01853675,0.020451125,0.02012428,0.023981518,0.027319131,0.028884284
Ecuador,Quad Btu,0,0,0,0,0,0,0,0,0,0,0,3.19E-05,2.82E-05,3.94E-05,4.92E-05,8.37E-05,0.000261463,6.81E-05,0.000121051,0.000188989,0.000409869,0.00037574,0.000491965,0.000587845,0.000683032,0.000635439,0.000359339
Egypt,Quad Btu,0.030866798,0.029335611,0.028071773,0.036019366,0.045012055,0.037429031,0.042605903,0.039519224,0.035970757,0.033904869,0.035120097,0.030623753,0.033054209,0.034026392,0.034998574,0.034634006,0.034269437,0.031109844,0.02795025,0.024790657,0.018714515,0.017256242,0.015068831,0.008020507,0.010548306,0.013593938,0.016418229
El Salvador,Quad Btu,0,0,0,0,0,0,0,0,0,0,0,0,0,0,0,0,0,0,0,0,0,0,0,0,0,0,0
Equatorial Guinea,Quad Btu,0,0,0,0,0,0,0,0,0,0,0,0,0,0,0,0,0,0,0,0,0,0,0,0,0,0,0
Eritrea,Quad Btu,--,--,--,--,0,0,0,0,0,0,0,0,0,0,0,0,0,0,0,0,0,0,0,0,0,0,0
Estonia,Quad Btu,--,--,0.00471981,0.004764336,0.001580691,0.00184785,0.003027803,0.003294962,0.001558428,0.001602954,0.001625218,0.00150277,0.001380322,0.000690161,0.001602954,0.001291269,0.001001846,0.001870113,0.00287196,0.001936903,0.001335795,0.001625218,0.001424848,0.001402585,0.001626288,0.001085089,0.000673824
Ethiopia,Quad Btu,0,0,0,0,0,0,0,0,0,0,0,4.39E-08,9.00E-07,8.78E-08,1.10E-07,0,2.41E-07,1.58E-05,0.000329241,0.000921876,0.001097471,0.003731402,0.004916671,0.006387282,0.008889516,0.009021213,0.010738536
Falkland Islands (Islas Malvinas),Quad Btu,0,0,0,0,0,0,0,0,0,0,0,0,0,0,0,0,0,0,0,0,0,0,0,0,0,0,0
Faroe Islands,Quad Btu,0,0,0,0,0,0,0,0,0,0,0,0,0,0,0,0,0,0,0,0,0,0,0,0,0,0,0
Fiji,Quad Btu,0.000543384,0.000407745,0.000447472,0.000646131,0.000646131,0.000555565,0.000591798,0.000563714,0.000512465,0.00046122,0.000435597,0.00038435,0.000417661,0.000422786,5.12E-06,0,0,0,0,0,0,0,0,0,0,0,0
Finland,Quad Btu,0.143093004,0.141091172,0.123226719,0.151987221,0.196939761,0.166304124,0.202286427,0.177276192,0.131892879,0.13473092,0.131462105,0.151936542,0.168838089,0.22592832,0.202514484,0.113242896,0.198308102,0.17453951,0.129282895,0.143093004,0.176465323,0.135997902,0.117195882,0.147527443,0.123376909,0.099595423,0.126724981
Former Czechoslovakia,Quad Btu,1.432283381,1.290023015,1.137376405,--,--,--,--,--,--,--,--,--,--,--,--,--,--,--,--,--,--,--,--,--,--,--,--
Former Serbia and Montenegro,Quad Btu,--,--,0.347391149,0.332690792,0.30686967,0.248240771,0.386728802,0.382111975,0.403680487,0.299002013,0.339047827,0.329806821,0.347608065,0.367824359,0.38143973,0.341498571,--,--,--,--,--,--,--,--,--,--,--
Former U.S.S.R.,Quad Btu,13.2356834,10.16901411,--,--,--,--,--,--,--,--,--,--,--,--,--,--,--,--,--,--,--,--,--,--,--,--,--
Former Yugoslavia,Quad Btu,0.941748725,0.882542882,--,--,--,--,--,--,--,--,--,--,--,--,--,--,--,--,--,--,--,--,--,--,--,--,--
France,Quad Btu,0.840024357,0.900519713,0.807884486,0.636846619,0.616855181,0.6609241,0.684891888,0.608463712,0.714124911,0.651655093,0.620749261,0.54684401,0.540783505,0.555208055,0.538178311,0.590007967,0.547419895,0.569221258,0.531816152,0.428952109,0.452700512,0.38249738,0.446365776,0.474995491,0.357366363,0.345240603,0.321427289
French Guiana,Quad Btu,0,0,0,0,0,0,0,0,0,0,0,0,0,0,0,0,0,0,0,0,0,0,0,0,0,0,0
French Polynesia,Quad Btu,0,0,0,0,0,0,0,0,0,0,0,0,0,0,0,0,0,0,0,0,0,0,0,0,0,0,0
Gabon,Quad Btu,0,0,0,0,0,0,0,0,0,0,0,0,0,0,0,0,0,0,0,0,0,0,0,0,0,0,0
"Gambia, The",Quad Btu,0,0,0,0,0,0,0,0,0,0,0,0,0,0,0,0,0,0,0,0,0,0,0,0,0,0,0
Georgia,Quad Btu,--,--,0.009824321,0.005257037,0.005909506,0.000782963,0.000410123,0.000410123,0.000633827,0.000521975,0.000354198,0.000223704,0.000111852,0.000223704,0.000260988,0.000335556,0.000298272,0.001435432,0.002237037,0.004213086,0.001006667,0.00274037,0.00480963,0.008925778,0.008263309,0.008205423,0.007215357
Germany,Quad Btu,--,5.058651072,4.49494843,4.164860419,3.91240237,3.706164026,3.682808033,3.52161339,3.336269635,3.176715929,3.263726576,3.321692651,3.377511834,3.403930909,3.42553657,3.302274905,3.319135525,3.422528187,3.252021231,3.073719827,3.149408014,3.209876517,3.36473988,3.376240109,3.284082712,3.284802543,3.221532707
"Germany, East",Quad Btu,2.372741565,--,--,--,--,--,--,--,--,--,--,--,--,--,--,--,--,--,--,--,--,--,--,--,--,--,--
"Germany, West",Quad Btu,2.672448703,--,--,--,--,--,--,--,--,--,--,--,--,--,--,--,--,--,--,--,--,--,--,--,--,--,--
Ghana,Quad Btu,0,0,0,0,0,0,0,0,0,0,0,0,0,0,0,0,0,0,0,0,0,0,0,0.000707012,0.000988796,3.65E-07,3.65E-07
Gibraltar,Quad Btu,0,0,0,0,0,0,0,0,0,0,0,0,0,0,0,0,0,0,0,0,0,0,0,0,0,0,0
Greece,Quad Btu,0.251825032,0.250189651,0.265855371,0.266915776,0.279994107,0.275432008,0.280917838,0.282468386,0.291738684,0.292101578,0.309567631,0.322754359,0.32840514,0.334154893,0.337585893,0.333009655,0.306626774,0.316156282,0.3069284,0.308931388,0.274847607,0.284461948,0.29343062,0.257735023,0.279813835,0.234188021,0.182031724
Greenland,Quad Btu,0,0,0,0,0,0,0,0,0,0,0,0,0,0,0,0,0,0,0,0,0,0,0,0,0,0,0
Grenada,Quad Btu,0,0,0,0,0,0,0,0,0,0,0,0,0,0,0,0,0,0,0,0,0,0,0,0,0,0,0
Guadeloupe,Quad Btu,0,0,0,0,0,0,0,0,0,0,0,0,0,0,0,0,0,0,0,0,0,0,0,0,0,0,0
Guam,Quad Btu,0,0,0,0,0,0,0,0,0,0,0,0,0,0,0,0,0,0,0,0,0,0,0,0,0,0,0
Guatemala,Quad Btu,0,0,0,0,0,0,0,0,0,0.000379797,0.005443761,0.005063964,0.00987473,0.009267054,0.010760924,0.010355807,0.010836883,0.01134328,0.011419239,0.007444027,0.012432032,0.012457352,0.012583951,0.014482937,0.017805941,0.038993245,0.042036231
Guinea,Quad Btu,0,0,0,0,0,0,0,0,0,0,0,0,0,0,0,0,0,0,0,0,0,0,0,0,0,0,0
Guinea-Bissau,Quad Btu,0,0,0,0,0,0,0,0,0,0,0,0,0,0,0,0,0,0,0,0,0,0,0,0,0,0,0
Guyana,Quad Btu,0,0,0,0,0,0,0,0,0,0,0,0,0,0,0,0,0,0,0,0,0,0,0,0,0,0,0
Haiti,Quad Btu,0.000346593,0.000721682,0.000749776,0,0,0,0,0,0,0,0,0,0,0,0,0,0,0,0,0,0,0,0,0,0,0,0
Hawaiian Trade Zone,Quad Btu,--,--,--,--,--,--,--,--,--,--,--,--,--,--,--,--,--,--,--,--,--,--,--,--,--,--,--
Honduras,Quad Btu,0,0,0,0,1.07E-06,9.21E-08,1.55E-06,5.26E-07,1.04E-06,0.001441478,0.003474993,0.003166104,0.003629437,0.004350176,0.00447888,0.004710546,0.001518701,0.001647404,0.002677031,0.002651291,0.002754254,0.002908698,0.002831476,0.001955288,0.002342403,0.002914283,0.004221473
Hong Kong,Quad Btu,0.254395637,0.273289333,0.293392843,0.319519684,0.246724899,0.250328601,0.207470285,0.156683825,0.185925294,0.156761047,0.177070483,0.206775286,0.224407686,0.274808036,0.275194147,0.278617664,0.293521546,0.315607093,0.292028584,0.317408944,0.265747299,0.322505609,0.317923759,0.333908752,0.354890955,0.287896325,0.28729626
Hungary,Quad Btu,0.182995177,0.179092842,0.165565348,0.162393011,0.151253783,0.152587606,0.157165865,0.155805005,0.149640577,0.150496748,0.136743946,0.137401845,0.126659159,0.132363958,0.121413988,0.104434775,0.108436246,0.108598468,0.106678843,0.096215539,0.099036395,0.104669096,0.102794533,0.101388611,0.106675773,0.107347578,0.106601197
Iceland,Quad Btu,0.001819058,0.001679131,0.001399276,0.001483232,0.001986972,0.001819058,0.001847044,0.00162316,0.001958986,0.001679131,0.002826537,0.00274258,0.00274258,0.002378769,0.002910493,0.003274305,0.003022436,0.003386247,0.003050421,0.00274258,0.002966465,0.002938479,0.002938479,0.003358262,0.002798551,0.00324632,0.003470204
India,Quad Btu,3.936760587,4.236405098,4.477972192,4.698473736,4.955933637,5.259698505,5.527379033,5.732915297,5.789940328,6.137851882,6.36798543,6.570899649,6.838205598,7.048736234,7.832977571,8.267648509,8.79639202,9.586911997,9.914560129,10.38523634,11.07730963,11.72537429,13.85788341,14.23754207,15.5655398,15.82113459,15.47125777
Indonesia,Quad Btu,0.19099909,0.212567196,0.220512135,0.221977484,0.247254755,0.280866199,0.309852635,0.360086632,0.40610775,0.523129609,0.567273249,0.64940572,0.669870647,0.748000437,0.826130226,0.946769711,0.993331617,1.068430373,1.224327793,1.288934758,1.508210972,1.511141203,1.534037282,1.650120401,1.732647213,1.953598722,2.110575804
Iran,Quad Btu,0.029375451,0.041862095,0.036850825,0.045544408,0.045765901,0.042803438,0.044907617,0.045959707,0.053518141,0.046734931,0.048396125,0.047399409,0.045018364,0.047288662,0.048146946,0.057311201,0.053739633,0.057228141,0.039840975,0.042748065,0.036380154,0.032088735,0.025610078,0.023450525,0.028020208,0.032384861,0.037102791
Iraq,Quad Btu,0,0,0,0,0,0,0,0,0,0,0,0,0,0,0,0,0,0,0,0,0,0,0,0,0,0,0
Ireland,Quad Btu,0.077871572,0.076132332,0.070775473,0.070566764,0.06437507,0.063609804,0.070404435,0.064073601,0.065905601,0.056768793,0.067204233,0.0695696,0.066647677,0.064978006,0.066810006,0.069685549,0.061545906,0.058531223,0.052237634,0.042391076,0.045660847,0.046392396,0.056467325,0.049116137,0.051572007,0.059233567,0.05600247
Israel,Quad Btu,0.092585779,0.10104792,0.12337304,0.140944427,0.149506122,0.16374243,0.194977687,0.215037939,0.231389782,0.227332932,0.255083777,0.2874888,0.303815754,0.315438754,0.316508966,0.315936527,0.315214756,0.332387925,0.315388977,0.306404174,0.306080621,0.313995212,0.352771729,0.291769648,0.273641401,0.267863291,0.227951617
Italy,Quad Btu,0.604645487,0.558547203,0.496021853,0.422383283,0.449707778,0.475872398,0.447145264,0.442856424,0.46505589,0.467672352,0.486688906,0.523831877,0.539881309,0.570577533,0.65516748,0.654061553,0.669112952,0.677636684,0.672026127,0.538101036,0.587274337,0.659375398,0.679336036,0.568500548,0.539984539,0.52231864,0.461555911
Jamaica,Quad Btu,0.00140769,0.001380619,0.001786683,0.001488903,0.001434761,0.001488903,0.001732541,0.001813754,0.001922038,0.001949109,0.001691935,0.001434761,0.002382244,0.002301031,0.001786683,0.001597186,0.000866271,0.000974554,0.001299406,0.001380619,0.001245264,0.001518681,0.001442882,0.002420143,0.002569217,0.002714401,0.002030707
Japan,Quad Btu,3.103297396,3.143068196,3.107793003,3.190220988,3.305472015,3.439829374,3.499626062,3.570687312,3.437581571,3.58984473,3.824893479,3.950796032,4.114323753,4.2935861,4.393715539,4.565519265,4.509502975,4.683503418,4.46296322,4.194325131,4.511801865,4.37795537,4.5947918,4.931528125,4.78492781,4.723833485,4.798355621
Jordan,Quad Btu,0,0,0,0,5.63E-07,3.01E-05,1.61E-05,2.06E-06,6.11E-06,4.03E-06,1.94E-06,1.40E-06,1.65E-06,2.20E-05,4.42E-05,2.99E-05,1.57E-05,3.14E-05,0.000115904,4.47E-05,0.000341181,0.003122352,0.004662228,0.004208398,0.006803632,0.003304664,0.004506032
Kazakhstan,Quad Btu,--,--,2.366845685,2.157723454,2.110674301,1.736880034,1.554229649,1.302184443,1.304381499,1.221348854,1.248169015,1.261485318,1.339695157,1.505546101,1.665100603,1.708532651,1.838962763,1.94913709,2.272720586,2.041145513,2.208871992,2.375205216,2.410572461,2.392996012,2.232899655,2.108688766,2.163895386
Kenya,Quad Btu,0.003056695,0.003056695,0.003198396,0.002651835,0.002469648,0.00315791,0.002914994,0.002975723,0.002408919,0.00234819,0.002166003,0.002166003,0.003238882,0.003036452,0.003542528,0.002935237,0.003927145,0.003603257,0.003583014,0.003117424,0.003030089,0.004986722,0.006943354,0.006040176,0.009817221,0.010828648,0.011074482
Kiribati,Quad Btu,0,0,0,0,0,0,0,0,0,0,0,0,0,0,0,0,0,0,0,0,0,0,0,0,0,0,0
"Korea, North",Quad Btu,0.609687529,0.603791843,0.475686019,0.56221322,0.543488601,0.692075219,0.698720204,0.700737432,0.613996642,0.751334248,0.748794915,0.716685396,0.697486135,0.685359037,0.71616329,0.703347962,0.673303135,0.59581786,0.645489125,0.534446675,0.497116097,0.339890998,0.35308604,0.23637162,0.27565305,0.200318687,0.227773982
"Korea, South",Quad Btu,1.162231969,1.135107421,1.066077724,1.135830386,1.142283511,1.187589271,1.346239758,1.444375461,1.496589545,1.583291702,1.781785553,1.896763644,2.033966193,2.118847551,2.198909147,2.27144656,2.351775921,2.520628237,2.790856207,2.907012463,3.246645,3.509107799,3.436784597,3.475583679,3.585321872,3.63022693,3.468891816
Kosovo,Quad Btu,--,--,--,--,--,--,--,--,--,--,--,--,--,--,--,--,--,--,0.058229051,0.066502716,0.069738534,0.067427235,0.063243393,0.065476343,0.057123432,0.065500878,0.070606807
Kuwait,Quad Btu,0,0,0,0,0,0,0,0,0,0,4.48E-07,1.65E-06,2.93E-06,1.65E-06,2.66E-06,1.34E-05,2.42E-05,1.95E-05,1.23E-05,2.36E-05,3.48E-05,0.000531431,0.005643443,0.006253694,0.008644074,0.009030586,0.008278958
Kyrgyzstan,Quad Btu,--,--,0.041969255,0.037520277,0.034323103,0.013397682,0.0196567,0.020756258,0.020620928,0.020587095,0.019064631,0.01336385,0.021010002,0.024883827,0.023023037,0.022109559,0.021010002,0.024004181,0.033257378,0.029282056,0.028554656,0.03093985,0.043457886,0.034204689,0.042773229,0.042682519,0.034200856
Laos,Quad Btu,1.66E-05,1.66E-05,1.66E-05,1.66E-05,1.66E-05,0.000390313,0.000841875,0.000997586,0.001153297,0.000240616,0.0018857,0.001813746,0.002351398,0.002816036,0.003086522,0.003103116,0.00311971,0.003235869,0.002836281,0.003030433,0.003113919,0.00328152,0.003254969,0.013442699,0.01421647,0.068932338,0.068462572
Latvia,Quad Btu,--,--,0.016109519,0.014554452,0.010326614,0.006123075,0.005807202,0.004762392,0.003547496,0.003061537,0.002356898,0.003085835,0.002478387,0.00245409,0.002381196,0.00291575,0.003158729,0.003936262,0.003936262,0.003158729,0.004057752,0.004179242,0.00337741,0.002940048,0.00243426,0.001927357,0.001455265
Lebanon,Quad Btu,0,0,0,0.002756499,0.002781332,0.004594165,0.005512998,0.005637165,0.004780415,0.004414017,0.003650286,0.003482661,0.003315037,0.001663408,0.001970138,0.001941556,0.001912974,0.001988428,0.002063881,0.002944167,0.00473471,0.006315226,0.005893785,0.004247286,0.005053588,0.0039029,0.002990586
Lesotho,Quad Btu,0,0,0,0,0,0,0,0,0,0,0,0,0,0,0,0,0,0,0,0,0,0,0,0,0,0,0
Liberia,Quad Btu,0,0,0,0,0,0,0,0,0,0,0,0,0,0,0,0,0,0,0,0,0,0,0,0,0,0,0
Libya,Quad Btu,0,0,0,0,0,0,0,0,0,0,0,0,0,0,0,0,0,0,0,0,0,0,0,0,0,0,0
Lithuania,Quad Btu,--,--,0.017085349,0.015293724,0.012515407,0.009659194,0.008776364,0.006802981,0.005764358,0.004621872,0.00340149,0.003037972,0.005478736,0.007036671,0.006854912,0.00745212,0.010360265,0.009840953,0.008412846,0.006283669,0.007789673,0.008646537,0.008127225,0.0092723,0.008069324,0.006543244,0.006440208
Luxembourg,Quad Btu,0.004868079,0.005016345,0.006869675,0.006844963,0.007759273,0.0053623,0.005980076,0.004793946,0.003756081,0.003780792,0.004250302,0.004719812,0.002817061,0.002125151,0.003113593,0.003014749,0.003632526,0.002990038,0.002841772,0.00256995,0.002520528,0.002199284,0.002026307,0.001853329,0.002094474,0.001802347,0.001995133
Macau,Quad Btu,5.96E-05,5.69E-05,5.69E-05,5.82E-05,5.82E-05,5.00E-05,5.69E-05,2.71E-05,2.71E-05,2.51E-05,2.88E-05,2.79E-05,2.59E-05,3.71E-05,4.24E-05,3.31E-05,3.26E-05,3.61E-05,0,0,0,0,0,0,0,0,0
Macedonia,Quad Btu,--,--,0.046361849,0.04560344,0.047713795,0.049032766,0.048063322,0.044845032,0.055436373,0.050292384,0.051235449,0.055456157,0.048056727,0.049863718,0.049857123,0.049283371,0.04537262,0.046058485,0.051070577,0.049329535,0.045761717,0.052923732,0.050457255,0.045966157,0.04521543,0.039955796,0.036277298
Madagascar,Quad Btu,0.000277719,0.000277719,0.000277719,0.000299082,0.000256356,0.00021363,0.00021363,0.000256356,0.000256356,0.000170904,0.00021363,0.00021363,0.00021363,0.00021363,0.00021363,0.000364539,0.000322176,0.000217967,0.000282675,0.000308845,0.000849693,0.003263073,0.0061933,0.010031733,0.009109352,0.009321753,0.012094406
Malawi,Quad Btu,0.001547806,0.00144136,0.001539638,0.001565615,0.001590466,0.001565615,0.001665019,0.001598574,0.001427096,0.001560755,0.001733886,0.001627041,0.001637032,0.001647023,0.0015244,0.001450454,0.001491062,0.001403441,0.001399859,0.001366807,0.001570586,0.001483075,0.001495316,0.002055181,0.001876253,0.002148099,0.00193692
Malaysia,Quad Btu,0.045820577,0.053965489,0.056665941,0.047366803,0.052615263,0.057645944,0.057929056,0.056034384,0.05980195,0.067010416,0.085870026,0.103749633,0.125679918,0.18365253,0.229059328,0.237835798,0.244347372,0.305390659,0.337926753,0.361207265,0.510494363,0.510298362,0.54864914,0.520471401,0.525977096,0.59478179,0.632612161
Maldives,Quad Btu,0,0,0,0,0,0,0,0,0,0,0,0,0,0,0,0,0,0,0,0,0,0,0,0,0,0,0
Mali,Quad Btu,0,0,0,0,0,0,0,0,0,0,0,0,0,0,0,0,0,0,0,0,0,0,0,0,0,0,0
Malta,Quad Btu,0.007937293,0.006429208,0.004312253,0.007112214,0.004836306,0.001232841,0,0,0,0,0,0,0,0,0,0,0,0,0,0,0,0,0,0,0,0,0
Martinique,Quad Btu,0,0,0,0,0,0,0,0,0,0,0,0,0,0,0,0,0,0,0,0,0,0,0,0,0,0,0
Mauritania,Quad Btu,0.000158733,0.000158733,0.000158733,0.000193839,0.000193839,0.000111113,8.07E-05,5.12E-05,2.56E-05,0,0,0,0,0,0,0,0,0,0,0,0,0,0,0,0,0,0
Mauritius,Quad Btu,0.001441478,0.001544441,0.001570182,0.001595923,0.001621663,0.001621663,0.001029627,0.001184072,0.001827589,0.003500733,0.006512394,0.007696465,0.008056835,0.008134057,0.007439059,0.00936961,0.012484233,0.014749414,0.016782928,0.014778784,0.016552523,0.015889649,0.016709747,0.017586217,0.018307703,0.017615588,0.018050013
Mexico,Quad Btu,0.168668376,0.167959493,0.16359186,0.186802055,0.217992899,0.242872399,0.276830173,0.272371071,0.285702642,0.290207478,0.287440548,0.330407994,0.356270783,0.434064955,0.385860923,0.483892557,0.518902221,0.480142338,0.425901369,0.433310338,0.530335815,0.589767635,0.524390346,0.530655955,0.507337559,0.550451481,0.463809037
Micronesia,Quad Btu,0,0,0,0,0,0,0,0,0,0,0,0,0,0,0,0,0,0,0,0,0,0,0,0,0,0,0
Moldova,Quad Btu,--,--,0.057325944,0.052923578,0.05151958,0.031292493,0.026747348,0.014349333,0.013016725,0.007091379,0.005758771,0.004545145,0.005734974,0.0083288,0.004426163,0.004330976,0.004521349,0.003093554,0.004711721,0.004259587,0.004426163,0.004711721,0.004545145,0.005949143,0.00369203,0.004363706,0.003250424
Mongolia,Quad Btu,0.119621821,0.125792716,0.111885713,0.101900736,0.092959234,0.093624899,0.092455488,0.090584429,0.089702872,0.090260592,0.093768827,0.093355035,0.099561912,0.094272573,0.095064175,0.098338528,0.106704319,0.109384971,0.10823355,0.115088102,0.122986128,0.124281477,0.13667724,0.141923931,0.139439828,0.140941653,0.143639375
Montenegro,Quad Btu,--,--,--,--,--,--,--,--,--,--,--,--,--,--,--,--,0.013399343,0.010361547,0.015601975,0.008581086,0.017510923,0.017703653,0.015895659,0.015345001,0.014959541,0.015785528,0.012490758
Montserrat,Quad Btu,0,0,0,0,0,0,0,0,0,0,0,0,0,0,0,0,0,0,0,0,0,0,0,0,0,0,0
Morocco,Quad Btu,0.036104326,0.03972697,0.033885966,0.035046026,0.038261631,0.054237897,0.063742249,0.063396266,0.070010644,0.067751579,0.08177406,0.103815202,0.106399897,0.099520944,0.094758592,0.100497837,0.100253614,0.102146343,0.090810318,0.083422567,0.086068318,0.091807562,0.093252549,0.091685451,0.135107705,0.142487141,0.137688476
Mozambique,Quad Btu,0,0,0,0,0,0,0,0,0,0,0,0,0,0,0,0,0,0,0,0,0,0,0,0.000399479,0.000474382,0.000349544,0.000274642
Namibia,Quad Btu,0,0.000353142,0.000282513,0.000211885,0.000235428,0.000376684,0.000329599,0.00025897,0.000400227,0.000141257,0.000115856,1.98E-05,3.92E-05,0.00021509,7.76E-07,6.20E-06,0.000219903,0.000423788,0.000322098,0.000207476,6.64E-05,0.000200817,0.000207476,9.36E-05,6.96E-05,0.000104798,0.000117974
Nauru,Quad Btu,0,0,0,0,0,0,0,0,0,0,0,0,0,0,0,0,0,0,0,0,0,0,0,0,0,0,0
Nepal,Quad Btu,0.001139656,0.001595519,0.000700075,0.000879163,0.001856012,0.001497834,0.001593891,0.001660642,0.001608543,0.002442121,0.002881702,0.003223599,0.003712023,0.004737714,0.004184167,0.00411512,0.004085879,0.003184835,0.004660689,0.00455894,0.004486241,0.004847765,0.005065248,0.005339306,0.004657899,0.004581502,0.004074319
Netherlands,Quad Btu,0.333403524,0.31598808,0.317488966,0.312261745,0.337750915,0.3695024,0.365517291,0.366371243,0.375376554,0.312417009,0.329728943,0.350948354,0.347325527,0.353484332,0.350456684,0.336560558,0.32742586,0.348438253,0.328383322,0.307577948,0.307733212,0.302790642,0.331514479,0.336275907,0.377580904,0.461105934,0.427166948
Netherlands Antilles,Quad Btu,0,0,0,0,0,0,0,0,0,0,0,0,0,0,0,0,0,0,0,0,0,0,0,0,0,0,0
New Caledonia,Quad Btu,0.0042056,0.004513327,0.004359464,0.004359464,0.004231244,0.004231244,0.004308176,0.002897761,0.003077268,0.002846473,0.006513552,0.006654047,0.007070836,0.007388923,0.007196594,0.006676664,0.007266704,0.00626426,0.006239154,0.006500671,0.014214399,0.014514278,0.014301588,0.013301477,0.015645727,0.021204212,0.026947027
New Zealand,Quad Btu,0.043914336,0.04314028,0.047963314,0.046474498,0.043813201,0.044358106,0.043283194,0.046289286,0.042361698,0.043900377,0.041724532,0.05098924,0.051341421,0.073792979,0.077267014,0.085772883,0.08436149,0.064274386,0.08100206,0.062496848,0.053585214,0.056110537,0.068553565,0.059697866,0.057401848,0.056057398,0.05001812
Nicaragua,Quad Btu,0,0,0,0,0,0,0,0,0,0,0,0,0,0,0,0,0,0,0,0,0,0,0,0,0,0,0
Niger,Quad Btu,0.00299333,0.003003351,0.002690918,0.002933856,0.002844766,0.003276471,0.003070659,0.003181814,0.003646313,0.002869523,0.002894767,0.002955496,0.003319872,0.003439307,0.003870141,0.003554227,0.003290317,0.002958127,0.003386674,0.00359113,0.004419074,0.004979808,0.005200458,0.004625553,0.005654659,0.0049281,0.005384129
Nigeria,Quad Btu,0.001724626,0.001673145,0.001338516,0.000205925,0.000643517,0.000514814,0.000205925,0.000257407,0.000308888,0.000411851,7.72E-05,0.000772221,0.00110685,0.000592036,0.000205925,0.000205925,0.000205925,0.000638739,0.000847054,0.000875183,0.000978146,0.000823702,0.001235553,0.001135985,0.001183175,0.001207853,0.004124309
Niue,Quad Btu,0,0,0,0,0,0,0,0,0,0,0,0,0,0,0,0,0,0,0,0,0,0,0,0,0,0,0
Northern Mariana Islands,Quad Btu,0,0,0,0,0,0,0,0,0,0,0,0,0,0,0,0,0,0,0,0,0,0,0,0,0,0,0
Norway,Quad Btu,0.020867099,0.018255346,0.018497674,0.020543996,0.02372118,0.026279082,0.025794427,0.025390548,0.028029226,0.027006065,0.026629111,0.023667329,0.021055576,0.020355519,0.022751869,0.019359283,0.016612903,0.01817457,0.018766927,0.014108852,0.018309197,0.019197731,0.02005934,0.020867099,0.022056603,0.020079544,0.020059354
Oman,Quad Btu,0,0,0,0,0,0,0,0,0,0,0,0,2.92E-06,3.23E-06,1.14E-05,3.86E-05,3.32E-07,2.65E-05,8.39E-05,0.000246063,0.000279588,0.000268818,0.000138503,0.000201042,0.00014711,0.002068306,0.002371841
Pakistan,Quad Btu,0.092024153,0.087254939,0.090354928,0.100326921,0.089726259,0.102386354,0.095232533,0.089292694,0.094755612,0.089422763,0.087688504,0.095557707,0.106006621,0.13147856,0.171128071,0.167225987,0.171128071,0.219188742,0.18190216,0.176417563,0.167291022,0.166272144,0.149341435,0.140344963,0.189751353,0.194153852,0.209987059
Palestinian Territories,Quad Btu,--,--,--,--,--,--,--,0,0,0,0,0,0,0,0,0,0,0,0,0,0,0,0,0,0,0,0
Panama,Quad Btu,0.000823749,0.001184139,0.00108117,0.001364334,0.001390076,0.000926717,0.000444861,0.000695038,0.000746522,0.00097316,0.001199798,0.000625841,0.000233943,0.000381292,0.000282278,0.000183264,0.000130841,6.19E-05,0.00096176,0.001258436,0.001430775,0.005843466,0.005520917,0.00604384,0.006003317,0.006103301,0.007722348
Papua New Guinea,Quad Btu,2.65E-05,2.65E-05,2.65E-05,3.23E-05,3.23E-05,3.23E-05,2.69E-05,2.56E-05,2.56E-05,0,0,0,0,0,0,0,0,0,0,0,0,0,0,0,0,0,0
Paraguay,Quad Btu,0,0,0,0,0,0,0,0,0,0,0,0,0,0,0,0,0,0,0,0,0,0,0,0,0,0,0
Peru,Quad Btu,0.003243677,0.004764151,0.005651094,0.010161832,0.007729074,0.009528301,0.006233942,0.006766108,0.010693998,0.010440585,0.013050732,0.011885035,0.015382125,0.014799276,0.017257375,0.019081944,0.013253462,0.020551735,0.018169659,0.01984218,0.020374346,0.021844137,0.022604374,0.020095593,0.022081934,0.025022966,0.028332701
Philippines,Quad Btu,0.049613133,0.062915849,0.056964049,0.063226764,0.064337174,0.069200771,0.093207842,0.115238383,0.124898953,0.142487852,0.194588305,0.181751961,0.177843317,0.181063507,0.214686732,0.22288156,0.223458973,0.226856829,0.271717406,0.267897594,0.295635644,0.31611161,0.35895124,0.42086772,0.438035161,0.472425893,0.445186162
Poland,Quad Btu,3.052279016,3.043577632,2.878984615,2.897136938,2.825212022,2.797071032,2.831762501,2.721414623,2.531695139,2.430814496,2.352599816,2.355516572,2.290516913,2.377025609,2.363484692,2.321770196,2.384211583,2.342741507,2.306094671,2.159132545,2.296725204,2.343214054,2.305915429,2.338993721,2.287580594,2.271880747,2.290592739
Portugal,Quad Btu,0.108503652,0.115297482,0.116162152,0.122288952,0.129082782,0.14101522,0.135160173,0.136889511,0.125969973,0.151341842,0.151885349,0.127106395,0.140027026,0.132269707,0.133801407,0.134740191,0.1347896,0.116631544,0.102302737,0.115322187,0.066332492,0.09185259,0.120164336,0.10961537,0.111709505,0.135893077,0.118492253
Puerto Rico,Quad Btu,0.003522292,0.003175023,0.002546633,0.002645853,0.002678926,0.002728536,0.002811219,0.002860829,0.002893902,0.002645853,0.002645853,0.00256317,0.007276095,0.022820481,0.021497555,0.021993652,0.024804871,0.024804871,0.024804871,0.024804871,0.024804871,0.024804871,0.02480484,0.02072031,0.029683803,0.030448665,0.02377684
Qatar,Quad Btu,0,0,0,0,0,0,0,0,0,0,0,0,0,0,0,0,0,0,0,0,0,0,0,0,0,0,0
Reunion,Quad Btu,0,0,0,0,0,0,0,0,0,0,0,0,0,0,0,0,0,0,0,0,0,0,0,0,0,0,0
Romania,Quad Btu,0.381328066,0.320178414,0.364041769,0.373365742,0.364465208,0.375316885,0.376944221,0.313162602,0.261635821,0.230367717,0.263080497,0.280424913,0.283870549,0.306586835,0.291766451,0.297511944,0.337780215,0.328348306,0.32899592,0.285265408,0.264051918,0.319879515,0.290770122,0.220138746,0.221780583,0.226684891,0.201484796
Russia,Quad Btu,--,--,7.030512035,6.074556086,5.410708894,5.332345294,5.251671657,4.919181658,4.634691584,4.816007361,5.067357273,5.037615533,4.902167339,4.979398131,4.820827344,4.767740892,4.879955434,4.712944124,5.09834288,4.531894889,4.741508633,4.929065955,5.163046158,4.581183106,4.439286102,4.998910597,4.751306138
Rwanda,Quad Btu,0,0,0,0,0,0,0,0,0,0,0,0,0,0,0,0,0,0,0,0,0,0,0,0,0,0,0
Saint Helena,Quad Btu,0,0,0,0,0,0,0,0,0,0,0,0,0,0,0,0,0,0,0,0,0,0,0,0,0,0,0
Saint Kitts and Nevis,Quad Btu,0,0,0,0,0,0,0,0,0,0,0,0,0,0,0,0,0,0,0,0,0,0,0,0,0,0,0
Saint Lucia,Quad Btu,0,0,0,0,0,0,0,0,0,0,0,0,0,0,0,0,0,0,0,0,0,0,0,0,0,0,0
Saint Pierre and Miquelon,Quad Btu,0,0,0,0,0,0,0,0,0,0,0,0,0,0,0,0,0,0,0,0,0,0,0,0,0,0,0
Saint Vincent/Grenadines,Quad Btu,0,0,0,0,0,0,0,0,0,0,0,0,0,0,0,0,0,0,0,0,0,0,0,0,0,0,0
Samoa,Quad Btu,0,0,0,0,0,0,0,0,0,0,0,0,0,0,0,0,0,0,0,0,0,0,0,0,0,0,0
Sao Tome and Principe,Quad Btu,0,0,0,0,0,0,0,0,0,0,0,0,0,0,0,0,0,0,0,0,0,0,0,0,0,0,0
Saudi Arabia,Quad Btu,0,0.000232295,6.63E-05,0.000496718,0.000649896,0.000477359,0.00044526,0.000582695,0.00072013,0.000569311,1.36E-05,7.12E-05,0.000272642,0.000405835,0.000333709,0.000677282,0.000367218,0.000601219,0.000730487,0.000989023,0.00111829,0.001376826,0.001637822,0.002299334,0.002578447,0.002541535,0.002686376
Senegal,Quad Btu,0,0,0,0,0,0,0,0,0,0,0,0,0,0,0.002989929,0.003578498,0.00393164,0.005061692,0.005061692,0.005979859,0.00675677,0.009464186,0.00821642,0.008239963,0.008593104,0.00915813,0.0095819
Serbia,Quad Btu,--,--,--,--,--,--,--,--,--,--,--,--,--,--,--,--,0.297601055,0.304703647,0.315190751,0.317989481,0.306550484,0.343950961,0.315475506,0.328875241,0.252493528,0.310979318,0.309882979
Seychelles,Quad Btu,0,0,0,0,0,0,0,0,0,0,0,0,0,0,0,0,0,0,0,0,0,0,0,0,0,0,0
Sierra Leone,Quad Btu,0,0,0,0,0,0,0,0,0,0,0,0,0,0,0,0,0,0,0,0,0,0,0,0,0,0,0
Singapore,Quad Btu,6.00E-05,4.48E-05,4.34E-05,3.52E-05,3.89E-05,3.69E-05,3.09E-05,3.75E-05,2.63E-05,1.22E-05,7.71E-06,1.24E-05,1.25E-05,8.10E-06,1.94E-05,3.62E-05,1.04E-05,1.06E-05,2.48E-05,6.75E-06,1.13E-05,0.00012936,0.0008818,0.009404069,0.014119034,0.014489785,0.014986087
Slovakia,Quad Btu,--,--,--,0.308598695,0.265807438,0.271386086,0.263774907,0.23938454,0.223210785,0.210626393,0.191771428,0.199685324,0.18967403,0.195685131,0.188982104,0.179251904,0.179814094,0.172029934,0.173521898,0.164180906,0.155985915,0.155877802,0.149045039,0.143725864,0.139590648,0.138858347,0.133114083
Slovenia,Quad Btu,--,--,0.07130088,0.068329,0.063416299,0.06354973,0.060177555,0.065296468,0.066545871,0.060262466,0.05974087,0.063064525,0.067892315,0.064823393,0.065187297,0.062979614,0.063452689,0.063852983,0.063040265,0.060019863,0.059643829,0.060966013,0.060056254,0.053991191,0.042690355,0.04373634,0.047124493
Solomon Islands,Quad Btu,0,0,0,0,0,0,0,0,0,0,0,0,0,0,0,0,0,0,0,0,0,0,0,0,0,0,0
Somalia,Quad Btu,0,0,0,0,0,0,0,0,0,0,0,0,0,0,0,0,0,0,0,0,0,0,0,0,0,0,0
South Africa,Quad Btu,3.179467374,3.11254868,3.073283709,3.167713949,3.211741901,3.420483679,3.558396853,3.700907133,3.770858969,3.600078859,3.726854714,3.689177404,3.808275619,4.041401015,4.26982111,4.153205613,4.241987079,4.369328745,4.716411656,4.33866776,4.372734643,4.238425716,4.418848006,4.369593574,4.392983056,4.286315392,4.345631775
South Sudan,Quad Btu,--,--,--,--,--,--,--,--,--,--,--,--,--,--,--,--,--,--,--,--,--,--,0,0,0,0,0
Spain,Quad Btu,1.065560134,1.078027457,1.068886262,1.006775915,0.970392149,0.966206206,0.831531967,0.926948846,0.902715629,0.987565829,1.047232491,0.956001555,1.05116954,0.971998646,1.031099639,1.007251076,0.900724477,0.958784641,0.597345413,0.427192477,0.337273891,0.565464364,0.642598853,0.477717943,0.520436946,0.593155047,0.458767101
Sri Lanka,Quad Btu,1.21E-05,1.40E-05,1.30E-05,1.37E-05,1.43E-05,1.46E-05,1.50E-05,1.54E-05,1.58E-05,6.33E-06,2.10E-05,1.19E-05,0.000430259,0.002404391,0.002404391,0.002353772,0.002037531,0.001721291,0.002315808,0.002353772,0.002406921,0.013034328,0.018318925,0.01927114,0.039292387,0.053408849,0.056943248
Sudan,Quad Btu,0,0,0,0,0,0,0,0,0,0,0,0,0,0,0,0,0,0,0,0,0,0,0,0,0,0,0
Suriname,Quad Btu,0,0,0,0,0,0,0,0,0,0,0,0,0,0,0,0,0,0,0,0,0,0,0,0,0,0,0
Swaziland,Quad Btu,0.003745326,0.003512697,0.002303027,0.001302722,0.004047744,0.00353596,0.003024176,0.004946838,0.005037418,0.005127998,0.00415801,0.004445539,0.004292004,0.003491761,0.003440582,0.003349857,0.003382425,0.003522002,0.003619707,0.003338226,0.003238195,0.003266111,0.003382425,0.002419341,0.002824405,0.003145658,0.003394867
Sweden,Quad Btu,0.106301756,0.104037577,0.097073078,0.096270585,0.096671832,0.094665597,0.10713291,0.090452505,0.090853752,0.086755302,0.087156549,0.094866221,0.092974628,0.09483756,0.097818251,0.093318554,0.107878083,0.097445665,0.094207029,0.071192656,0.089678672,0.083774611,0.075090483,0.078644384,0.074500333,0.07657156,0.074828975
Switzerland,Quad Btu,0.009832143,0.008180184,0.005493262,0.004518009,0.004677234,0.00503549,0.003781593,0.002786437,0.002268956,0.002328665,0.003562659,0.003940818,0.003423337,0.003682078,0.003622368,0.004338881,0.004537912,0.005334037,0.004736943,0.004438396,0.004577718,0.004279171,0.003781593,0.003920915,0.003603921,0.003212288,0.00260389
Syria,Quad Btu,0,0,0,0,0,0,0,0,0,0,0,3.05E-05,0,2.40E-05,0,0,2.42E-06,1.54E-05,0,2.83E-05,6.73E-05,0.00010232,0.000147281,0.000100381,5.96E-05,7.85E-05,9.21E-05
Taiwan,Quad Btu,0.395823768,0.431316962,0.501476323,0.540645187,0.576230272,0.594195111,0.680343639,0.772166483,0.844783949,0.88682443,1.046371503,1.105726254,1.176989648,1.276608796,1.318917648,1.372534654,1.427969462,1.48959093,1.431305616,1.379616085,1.452750925,1.533647562,1.520384388,1.537224587,1.545584302,1.50581492,1.528713489
Tajikistan,Quad Btu,--,--,0.014548248,0.007318888,0.001812936,0.000917659,0.000447638,0.000805749,0.00069384,0.000514784,0.000649076,0.000649076,0.000917659,0.001186242,0.002193428,0.002305338,0.002439629,0.004185419,0.004588294,0.004588294,0.004633058,0.00512546,0.009713753,0.01177289,0.019910733,0.023709631,0.031014357
Tanzania,Quad Btu,0.000100507,0.000100507,0.000100507,0.001105581,0.001155835,0.001107727,0.001500401,0.000935349,0.00144502,0.001884514,0.00182406,0.001973879,0.002123698,0.002176708,0.001966366,0.001756025,0.00148766,0.001638796,0.002176708,0.002298726,0.002403918,0.002581363,0.002758808,0.00287729,0.004940559,0.006127231,0.007427708
Thailand,Quad Btu,0.212847712,0.25123656,0.266779577,0.276476427,0.308432533,0.346312106,0.415161059,0.440662197,0.366186561,0.361727204,0.365783717,0.405917966,0.417458526,0.419651685,0.466537058,0.491798877,0.499311579,0.538933602,0.573740595,0.568770212,0.581007728,0.603741212,0.614114779,0.609324472,0.680816843,0.667049836,0.680929171
Timor-Leste (East Timor),Quad Btu,--,--,--,--,--,--,--,--,--,--,--,--,--,0,0,0,0,0,0,0,0,0,0,0,0,0,0
Togo,Quad Btu,0,0,0,0,0,0,0,0,0,0,0,0,0,0,0,0,0,0.002185143,0.001995812,0.002710017,0.003424221,0.00307617,0.004511802,0.002291105,0.003330287,0.003238993,0.003439601
Tonga,Quad Btu,0,0,0,0,0,0,0,0,0,0,0,0,0,0,0,0,0,0,0,0,0,0,0,0,0,0,0
Trinidad and Tobago,Quad Btu,0,2.43E-05,3.93E-05,1.07E-05,2.95E-05,3.35E-05,1.19E-05,2.99E-05,2.00E-05,1.08E-05,2.12E-05,2.83E-05,4.19E-05,7.00E-05,5.18E-05,8.37E-05,0.000107835,0.000159585,0.000234837,8.50E-05,0.00011324,0.000234166,6.49E-05,2.85E-05,9.66E-05,0.000143218,5.61E-06
Tunisia,Quad Btu,0.000381504,0.000305203,0.000381504,0.00035607,0.000238357,4.20E-05,9.78E-05,3.87E-05,4.13E-05,1.04E-05,3.09E-06,7.60E-05,1.75E-06,3.04E-05,6.57E-05,1.36E-05,7.43E-05,1.36E-05,2.97E-05,2.49E-05,5.33E-05,0.000122122,7.14E-05,8.94E-05,7.89E-05,1.81E-05,4.85E-05
Turkey,Quad Btu,0.793369284,0.842878259,0.87101068,0.798636817,0.866297624,0.890373606,0.961390459,1.051171986,1.133351339,1.100783101,1.16632814,1.053886006,0.961215361,0.932703561,0.940393284,1.120963152,1.221688308,1.436562803,1.439977215,1.46523511,1.38270556,1.468416058,1.441582281,1.22733522,1.386641417,1.427348105,1.510736924
Turkmenistan,Quad Btu,--,--,0.017196036,0.004361378,0.00323065,0,0,0,0,0,0,0,0,0,0,0,0,0,0,0,0,0,0,0,0,0,0
Turks and Caicos Islands,Quad Btu,0,0,0,0,0,0,0,0,0,0,0,0,0,0,0,0,0,0,0,0,0,0,0,0,0,0,0
Tuvalu,Quad Btu,0,0,0,0,0,0,0,0,0,0,0,0,0,0,0,0,0,0,0,0,0,0,0,0,0,0,0
U.S. Pacific Islands,Quad Btu,0,0,0,0,0,0,0,0,0,0,0,0,0,0,0,0,0,0,0,0,0,0,0,0,0,0,0
U.S. Territories,Quad Btu,0,0,0,0,0,0,0,0,0,0,0,0,0,0,0,0,0,0,0,0,0,0,0,0,0,0,0
Uganda,Quad Btu,0,0,0,0,0,0,0,0,0,0,0,0,0,0,0,0,0,0,0,0,0,0,0,0,0,0,0
Ukraine,Quad Btu,--,--,3.160275499,2.848119515,2.252675148,2.252725265,1.674596446,1.630117288,1.65532632,1.645302848,1.67091282,1.617111833,1.604206612,1.794577408,1.668657539,1.599921578,1.71952666,1.774505405,1.763153823,1.538026637,1.656253492,1.827504515,1.836951637,1.787235215,1.502974852,1.228319705,1.330201965
United Arab Emirates,Quad Btu,0,0,0,0,0,0,0,0,0,0,0,0.000708318,0.003612423,0.00424991,0.004816564,0.005572104,0.010790048,0.005194334,0.013151109,0.021107884,0.022760627,0.035864514,0.048968402,0.05588631,0.057984426,0.045254025,0.053915584
United Kingdom,Quad Btu,2.736892505,2.721212874,2.55845316,2.22923231,2.100607924,1.977741305,1.835287998,1.621325291,1.623253114,1.432347177,1.540536633,1.641271838,1.512261888,1.619988667,1.553877172,1.589888915,1.73745738,1.620117188,1.500720651,1.252267639,1.319252309,1.323959026,1.64616414,1.547553654,1.255225493,0.977653977,0.471733146
United States,Quad Btu,19.17262581,18.9916659,19.12246675,19.83515403,19.90946091,20.08872232,21.00190926,21.44542047,21.65574017,21.62253447,22.57952535,21.91425833,21.90398024,22.32092479,22.46618559,22.79653517,22.44715515,22.74946865,22.38744588,19.69119726,20.83396242,19.65778728,17.37823641,18.03899998,17.99800001,15.549,14.22597264
Uruguay,Quad Btu,2.34E-05,0,0,0,0,0,2.34E-05,2.34E-05,2.34E-05,2.34E-05,2.34E-05,2.34E-05,2.34E-05,2.34E-05,2.34E-05,2.34E-05,4.67E-05,4.67E-05,4.67E-05,7.01E-05,9.35E-05,4.67E-05,7.01E-05,2.82E-06,2.64E-06,6.57E-06,1.07E-05
Uzbekistan,Quad Btu,--,--,0.102409934,0.079233431,0.079920029,0.045849501,0.04963342,0.042050325,0.044003315,0.043682903,0.053432597,0.055171979,0.05509569,0.042340222,0.049801255,0.048122904,0.051571153,0.054531154,0.053173215,0.057674248,0.056102701,0.059001671,0.059596723,0.061412394,0.069700698,0.06164186,0.06844036
Vanuatu,Quad Btu,0,0,0,0,0,0,0,0,0,0,0,0,0,0,0,0,0,0,0,0,0,0,0,0,0,0,0
Venezuela,Quad Btu,0.001030705,0,0.00014517,0.001132324,0.00220658,0.000203238,0.000638747,0.001364596,0.001422664,0.001451697,0.005255145,0.001945275,0.000725849,0.001713003,0,0.001480731,0.009842509,0.00551645,0.005603552,0.009436033,0.007926268,0.00815854,0.008390811,0.008361777,0.007910303,0.005585654,0.004928993
Vietnam,Quad Btu,0.108097241,0.11733521,0.107368613,0.086888948,0.106666007,0.122695834,0.144658778,0.211146128,0.212681452,0.196443446,0.203183259,0.233473387,0.256347117,0.27063344,0.341258359,0.385444472,0.416411183,0.446857445,0.549177703,0.582824726,0.680408899,0.721108005,0.738360887,0.801096893,0.929541881,1.139141188,1.317919928
"Virgin Islands,  U.S.",Quad Btu,0.002107637,0.003551224,0.005918707,0.007430504,0.007915103,0.006944562,0.006724981,0.006457053,0.0065083,0.006533957,0.006585204,0,0,0,0,0,0,0,0,0,0,0,0,0,0,0,0
"Virgin Islands, British",Quad Btu,0,0,0,0,0,0,0,0,0,0,0,0,0,0,0,0,0,0,0,0,0,0,0,0,0,0,0
Wake Island,Quad Btu,0,0,0,0,0,0,0,0,0,0,0,0,0,0,0,0,0,0,0,0,0,0,0,0,0,0,0
Western Sahara,Quad Btu,0,0,0,0,0,0,0,0,0,0,0,0,0,0,0,0,0,0,0,0,0,0,0,0,0,0,0
Yemen,Quad Btu,0,0,0,0,0,0,0,0,0,0,0,0,0,0,6.44E-07,2.60E-06,1.53E-06,5.28E-08,0.001235553,0.002316662,0.004375917,0.00447888,0.004581842,0.004762027,0.004092769,0.003423511,0.003114623
Zambia,Quad Btu,0.009141573,0.009215295,0.009583907,0.009706777,0.009215295,0.00363697,0.004619935,0.005332584,0.005062269,0.003071765,0.003170061,0.003292932,0.00334208,0.003563247,0.002629431,0.003464951,0.001449873,0.00194627,0.002855513,0.003897455,0.003145487,0.001744763,0.002540964,0.003661544,0.003895425,0.004167382,0.004090851
Zimbabwe,Quad Btu,0.121184142,0.122813426,0.117209678,0.119184567,0.114321402,0.109705099,0.105162853,0.096103049,0.098522288,0.113802994,0.109532296,0.103903861,0.099361616,0.089116878,0.081785102,0.089092192,0.083019407,0.083241582,0.061048764,0.063443318,0.075818467,0.075603698,0.082402255,0.081287775,0.081960384,0.085578726,0.075861621